Gene_FPKM,RNA_ref_read_count,RNA_alt_read_count,Gene_TPM,ah1,ah2,MHCFlurry_MT_Aff,MHCFlurry_MT_Rank,netMHCpan_Aff,netMHCpan_Rank,netMHCstabpan_Thalf(h),netMHCstabpan_Rank,MATHLA_Aff,R_score,VAF
334.82,1686.0,0.0,442.35,0.4999712916503483,-0.3940002677509057,72.81503825725552,0.1385,2291.5789,0.0911,0.3412,0.25,8110.69921875,4.1459593656514025e-13,0.7170000000000001
0.0,0.0,0.0,0.0,0.0128596460649961,1.0580695084245428,51.54316660076858,0.172625,24.7606,0.1126,0.2082,7.5,850.815673828125,1.3719958368232922e-06,0.2745
4.65,5.0,6.0,4.12,0.3946112759669456,0.9816562594904154,80.395822561764,0.4317500000000001,6.0706,0.0041,0.5381,0.02,7434.03759765625,8.027273103276698e-11,0.1064
1.92,4.0,0.0,1.55,0.0414980446165504,-1.6339240956909191,2420.463095230831,1.42075,140.065,0.148,0.3084,13.0,1877.2479248046875,3.502700452441437e-09,0.106
12.01,889.0,61.0,14.33,0.3871855529896332,-0.3276201859805814,313.8361508095508,1.6457500000000005,7.2658,0.0034,0.474,4.0,3248.2138671875,3.477240095465794e-09,0.128
17.57,80.0,0.0,16.99,0.0290137299132504,0.7278248971473169,64.8900908169775,0.2831249999999999,92.6305,0.3331,0.1805,13.0,429.1967468261719,3.503110144822495e-09,0.175
0.0,0.0,0.0,0.0,0.0395255600685333,2.043063783632991,38.80563905962897,0.1285,63.6686,0.3773,11.1942,0.15,15.835124969482422,0.9923802289583844,0.8459
20.17,47.0,1.0,18.62,0.0336486477554739,-1.510202737546164,3119.376259054847,0.2354999999999998,433.3475,0.0384,0.219,15.0,17883.9765625,0.0151242985225539,0.472
1.19,11.0,0.0,1.25,0.0,-0.1519446433279274,22938.34719947165,10.886375,79.0984,0.017,0.2216,17.0,15320.0107421875,5.941905756105732e-05,0.331
5.38,1.0,0.0,5.85,1.63880787573096e-05,-0.5664526403155905,389.09629680455726,1.0953749999999989,3819.7849,4.6296,0.3323,8.0,220.7205505371093,0.0076202272507635,0.3043
0.72,3.0,0.0,0.69,0.0,1.8148292045391887,32.94387963291715,0.06975,727.2787,0.1451,0.1771,18.0,1773.3270263671875,0.999941047525418,0.289
5.17,0.0,0.0,4.95,0.003050177538357,-0.4792778532476269,117.84879869040978,1.2233750000000003,3879.3042,0.83,0.2,13.0,623.3865966796875,4.526799609818801e-07,0.0559999999999999
33.28,142.0,47.0,33.98,0.0013248713144936,-0.2161784083593173,660.597734590312,2.709750000000002,313.2634,0.1599,0.1906,3.0,515.0762939453125,2.7307705411668744e-11,0.2663
10.52,15.0,0.0,9.71,0.0681204905100413,0.2723772184793613,405.2957065336817,0.025875,52.0573,0.0085,0.2794,8.0,6588.2685546875,6.952022646888573e-09,0.415
0.42,557.0,41.0,0.53,0.0,0.8752031207359346,165.72797777919257,0.2328749999999998,133.8932,0.2514,0.4339,1.8,11622.65625,1.3649904520826117e-06,0.088
39.27,143.0,0.0,43.83,0.0024062398027624,-0.4192549686611109,487.2936905077625,0.5334999999999994,1617.929,1.1601,0.557,1.1,10007.306640625,0.0076202203782079,0.172
5.93,13.0,0.0,6.26,0.0146605298227432,2.108593244057668,363.3479798018532,1.843375,283.2817,1.0179,0.1611,23.0,4174.4609375,2.710756593700489e-11,0.256
67.26,250.0,1.0,100.15,0.4960883729725628,1.0360232649157664,202.3481312738856,0.9809999999999998,35.9709,0.1645,0.2934,1.5,958.317626953125,5.3584444891458075e-11,0.1889999999999999
14.78,47.0,4.0,13.84,0.1035527380842061,-1.5084861186806178,1752.107513300905,5.238124999999998,4062.9973,9.1306,0.5129,5.5,1005.8018188476562,2.0971258418868282e-13,0.1404
12.29,88.0,6.0,14.39,0.0018945601910806,0.1941651449694078,53.310255105175145,0.104125,1009.952,2.1195,3.3073,0.175,250.6446228027344,0.0076211291332312,0.1159999999999999
12.67,0.0,0.0,19.08,0.0,1.2558828981062342,2342.414086950273,1.7159999999999995,16687.6719,3.3649,0.1074,39.0,16968.115234375,0.0077381114245987,0.207
1.13,0.0,0.0,1.05,1.1347660089120984e-05,-0.3648441692306216,522.933764960111,1.0873750000000002,99.5928,0.0092,0.3084,0.7,1596.4603271484375,5.941221350636595e-05,0.085
124.47,517.0,171.0,142.03,0.0,-0.6906177331213952,480.4804193900399,0.9148749999999995,2935.3276,2.4352,0.5554,4.0,548.27783203125,0.9999705228938348,0.2198
0.0,0.0,0.0,0.0,0.1023416175507229,1.1389553054233237,117.3363569912106,0.3531249999999998,219.5932,0.371,0.3469,4.5,210.2612152099609,0.5000442130730236,0.4167
0.14,0.0,0.0,0.2,0.002607114362379,-0.6397536526888333,63.99043060067561,0.2719999999999999,481.8375,0.852,0.2616,3.0,115.14222717285156,6.951816142145711e-09,0.176
3.54,8.0,4.0,4.02,0.071753529839978,-1.9966783534381545,951.3749147335492,1.2159999999999993,9622.0,6.0656,1.2576,1.1,1457.4012451171875,4.527610516215584e-07,0.2128
0.31,1.0,0.0,0.35,0.3834588372263629,-0.4362206502069577,75.52844117240649,0.6947500000000002,34.6259,0.3789,0.9902,1.4,100.95013427734376,1.3649902392713537e-06,0.1778
7.26,45.0,0.0,8.17,0.0,-1.3493392633131092,91.34749363091343,0.2946249999999999,2271.3862,1.4564,0.4448,3.5,57.95332336425781,2.050769485911893e-13,0.2047
0.02,0.0,0.0,0.02,0.0338058305460397,1.864715202162664,37.19836331186711,0.1345,46.5393,0.0083,0.2546,14.0,2281.695556640625,6.978917388522386e-09,0.2558
23.05,121.0,0.0,26.77,0.0,-0.1127050474454982,557.6647540894173,1.2236249999999989,8591.46,11.16,2.1121,0.8,305.0296325683594,0.9974471080001608,0.271
17.97,92.0,0.0,22.49,0.0825095700908858,-1.1544145493030136,871.3336865359057,1.1204999999999987,484.0267,0.6021,0.55,2.5,234.80783081054688,3.5027019636882862e-09,0.146
46.13,12.0,0.0,47.34,0.0037267157632702,-1.561555093412605,158.31072218543557,0.9238749999999996,5770.2124,0.9089,0.221,3.0,2261.965087890625,0.9999410475254196,0.099
13.37,35.0,0.0,16.25,0.0336724289205223,-0.1159686403219323,977.2978584629608,2.260374999999999,43.2929,0.1897,0.3215,1.0,727.3922119140625,0.0151260616252152,0.107
2.39,8.0,0.0,2.78,0.0973756536321431,-0.9024578734195294,2846.2834600815227,1.91025,1045.7919,0.0412,0.1529,16.0,10742.88671875,5.3997527433026745e-11,0.184
16.27,84.0,56.0,21.73,0.4998150887358331,0.7310170937428786,85.11587633009881,0.401875,3.2821,0.0033,0.0996,55.0,2499.1025390625,2.1128599752395057e-13,0.423
12.26,42.0,0.0,13.27,0.0004941113393353,-0.7973766340835977,536.4961972872525,1.8913750000000007,26.769,0.01,0.0955,42.0,2374.927978515625,4.5963157535080985e-07,0.2222
71.56,370.0,0.0,90.31,0.010019377372542,-1.0895061317340655,2782.3110320575333,3.133124999999996,1479.8306,0.6853,0.2351,5.0,4061.89697265625,0.5000003500980957,0.111
3.02,206.0,1.0,3.81,0.4891137145674183,-0.4239326047177045,230.30644431185607,0.956499999999999,939.3284,3.927,0.8058,5.5,7400.31005859375,0.0225166129488992,0.0543
1.22,10.0,0.0,1.45,7.182418150245923e-05,-0.34590127273561,2732.087181858028,8.280125000000002,17.4905,0.0145,0.2687,7.0,1694.789306640625,2.690428034178081e-11,0.244
220.52,158.0,0.0,246.09,0.0037267157632702,1.7966856963022728,80.17588922060855,0.458875,36.0691,0.0247,0.2399,13.0,660.0333251953125,4.526807822803146e-07,0.062
0.26,0.0,0.0,0.25,0.0002714502418987,1.2960476185261127,97.51601695770164,0.6688749999999997,381.6217,2.7822,2.3435,1.0,401.1976013183594,2.065172943182655e-13,0.271
14.57,29.0,1.0,18.47,0.0001069955201723,0.3787458060169771,14561.097311495972,4.35175,804.3036,0.1798,4.463,0.2,658.19189453125,0.992380232433993,0.15
38.14,422.0,1.0,44.3,0.5049205400607693,-1.9351871854264908,658.4611011626826,0.9702499999999998,50.9363,0.0099,0.2142,11.0,987.2026977539062,0.029797924316691,0.042
0.0,0.0,0.0,0.0,0.3964962570999242,1.487538124407075,202.16551912898976,0.5293749999999994,35.2268,0.0791,0.7461,1.4,174.94679260253906,4.527066491961928e-07,0.3947
0.05,0.0,0.0,0.03,0.1517201875745467,-0.8685002372101225,1552.5392017052843,3.7115,5176.0142,3.7655,0.3596,3.0,1031.4080810546875,2.668820148229077e-11,0.633
43.21,260.0,3.0,55.48,0.0004052188721055,-1.746702274974925,54.22016759723246,0.2671250000000001,144.6375,0.182,0.2127,14.0,1170.999755859375,0.5000000000001541,0.0279999999999999
87.27,891.0,1.0,110.14,0.0001777738085651,-1.28972845730609,51.18859711261193,0.274375,225.4287,0.135,0.3272,1.9,335.834716796875,9.477279265754431e-15,0.066
0.79,24.0,0.0,0.91,0.0337217331708081,1.3885740889885887,41.80509649239675,0.09175,511.2539,0.067,0.1863,6.0,7134.7060546875,2.7509440903143022e-11,0.218
0.0,0.0,0.0,0.0,0.0,1.321777762010219,102.63590135346092,0.4852499999999999,71.9107,0.0348,0.2472,0.7,184.8673248291016,6.951817811946848e-09,0.4935
46.67,13.0,177.0,45.57,0.0,0.2378701454088765,318.4468414441764,0.3631249999999995,3603.5872,0.1936,0.4182,1.3,41.8750228881836,0.5000001131701695,0.2963
